11/20/2017 17:00:15,14317.392834582,shawcable.net,
11/20/2017 17:00:17,6788.59352074,rogers.com,
11/20/2017 17:00:18,6704.7060229403,verizon.net,
11/20/2017 17:00:24,4295.3263852858,frontiernet.net,
11/20/2017 17:00:28,3922.9509182127,gatech.edu,
11/20/2017 17:00:30,4853.2749414184,aussiebb.net,
11/20/2017 17:00:32,12569.073131346,frontiernet.net,
11/20/2017 17:00:33,4986.1843285065,rr.com,
11/20/2017 17:00:34,4136.1797683125,verizon.net,
11/20/2017 17:00:38,22655.840113433,cox.net,
11/20/2017 17:00:52,6055.0442194294,verizon.net,
11/20/2017 17:00:53,4174.922006128,aussiebb.net,
11/20/2017 17:01:02,1203.8812856378,sbcglobal.net,
11/20/2017 17:01:06,1407.2615662587,t-ipconnect.de,
11/20/2017 17:01:07,1741.8988699756,sbcglobal.net,
11/20/2017 17:01:08,4436.77253589,comcast.net,or
11/20/2017 17:01:14,1861.4212252132,web-pass.com,
11/20/2017 17:01:22,7538.9373650836,cableone.net,
11/20/2017 17:01:24,9419.3838711068,fuse.net,
11/20/2017 17:01:32,2276.1944187977,uni-bremen.de,
11/20/2017 17:01:34,3857.9513035708,wideopenwest.com,
11/20/2017 17:01:37,6059.3060271226,farmerstel.com,
11/20/2017 17:01:41,1687.0236573384,telus.net,
11/20/2017 17:01:57,2509.743911553,virginm.net,
11/20/2017 17:01:59,10054.366082608,rr.com,
11/20/2017 17:02:07,4389.1149080565,verizon.net,
11/20/2017 17:02:12,1452.7892975394,bcube.co.uk,
11/20/2017 17:02:12,2786.7251703898,comcast.net,wa
11/20/2017 17:02:21,10811.478217223,cox.net,
11/20/2017 17:02:39,6439.2979417628,cox.net,
11/20/2017 17:02:41,6734.1038011601,bresnan.net,
11/20/2017 17:02:49,9691.2698841777,bhn.net,
11/20/2017 17:03:00,2043.1043577845,comcast.net,or
11/20/2017 17:03:06,6140.7635221858,paetec.net,
11/20/2017 17:03:12,6712.8126625711,cox.net,
11/20/2017 17:03:14,28676.158220155,comcast.net,ca
11/20/2017 17:03:16,4663.7850112301,telenet.be,
11/20/2017 17:03:18,26487.495716178,comcast.net,ca
11/20/2017 17:03:19,11489.706792221,optonline.net,
11/20/2017 17:03:20,1739.2249420119,anu.edu.au,
11/20/2017 17:03:23,1978.0030095349,fuse.net,
11/20/2017 17:03:24,2648.8209579517,2talk.co.nz,
11/20/2017 17:03:28,3100.6877847132,wanadoo.fr,
11/20/2017 17:03:30,3583.9390543811,bydeluxe.com,
11/20/2017 17:03:36,1150.1797202302,spirit.net.au,
11/20/2017 17:03:44,481.68788668434,on.net,
11/20/2017 17:03:52,4093.5824823835,monkeybrains.net,
11/20/2017 17:03:55,3482.3245516331,t-ipconnect.de,
11/20/2017 17:03:56,1576.7453496121,verizon.net,
11/20/2017 17:03:58,5582.0168220784,myvzw.com,
11/20/2017 17:04:02,6224.7553753962,comcastbusiness.net,
11/20/2017 17:04:13,3412.4983054572,plus.net,
11/20/2017 17:04:27,1927.9834114057,videotron.ca,
11/20/2017 17:04:27,4379.9072757901,comcast.net,ca
11/20/2017 17:04:45,887.27004574175,verizon.net,
11/20/2017 17:04:45,3420.0383732024,cox.net,
11/20/2017 17:04:48,8867.6434692922,att.net,
11/20/2017 17:05:07,7360.9856494821,charter.com,
11/20/2017 17:05:08,1064.3294530898,virginm.net,
11/20/2017 17:05:11,1473.5376596122,verizon.net,
11/20/2017 17:05:12,1482.0191223675,unitymediagroup.de,
11/20/2017 17:05:31,344.85224028842,comcast.net,wa
11/20/2017 17:05:31,2251.2785648213,bell.ca,
11/20/2017 17:05:34,5042.486999354,mchsi.com,
11/20/2017 17:05:35,4559.988830862,qwest.net,
11/20/2017 17:05:39,4948.5440206875,virginm.net,
11/20/2017 17:05:42,2346.073810666,verizon.net,
11/20/2017 17:05:47,11606.753955346,wideopenwest.com,
11/20/2017 17:05:47,4367.7595023137,d1-online.com,
11/20/2017 17:05:48,1729.770077573,rr.com,
11/20/2017 17:05:53,5104.5344667744,myrepublic.co.nz,
11/20/2017 17:05:55,11929.129311358,comcast.net,wa
11/20/2017 17:06:04,1284.0219593045,t-ipconnect.de,
11/20/2017 17:06:14,4864.5964613784,comcast.net,fl
11/20/2017 17:06:19,4253.4137827204,comcast.net,mi
11/20/2017 17:06:22,17679.633528661,comcast.net,or
11/20/2017 17:06:27,6000.6281441103,ziggo.nl,
11/20/2017 17:06:47,421.37584578049,sbcglobal.net,
11/20/2017 17:06:49,14752.916972733,comcast.net,ca
11/20/2017 17:06:50,546.4987860509,sbcglobal.net,
11/20/2017 17:06:52,16568.987195104,sbcglobal.net,
11/20/2017 17:06:54,794.23965601302,sbcglobal.net,
11/20/2017 17:06:59,4322.1642987416,verizon.net,
11/20/2017 17:07:01,11846.688876274,rr.com,
11/20/2017 17:07:06,2466.5362116547,charter.com,
11/20/2017 17:07:11,3623.6230093967,gci.net,
11/20/2017 17:07:15,5345.568155455,verizon.net,
11/20/2017 17:07:31,7450.8817843116,comcastbusiness.net,
11/20/2017 17:07:33,7242.773627368,wiline.com,
11/20/2017 17:07:33,1791.6238407256,sbcglobal.net,
11/20/2017 17:07:36,729.24061694701,iinet.net.au,
11/20/2017 17:07:46,5801.6323661959,usinternet.com,
11/20/2017 17:07:46,1033.9756379522,mindspring.com,
11/20/2017 17:07:48,4238.3877859293,kabel-badenwuerttemberg.de,
11/20/2017 17:08:23,10925.003277526,downstairsgeek.com,
11/20/2017 17:08:24,1382.8305536725,timbrasil.com.br,
11/20/2017 17:08:25,36932.040194748,comcastbusiness.net,
11/20/2017 17:08:26,10231.528011135,rr.com,
11/20/2017 17:08:37,5979.6179043793,comcast.net,il
11/20/2017 17:08:40,6357.1883340635,secrethouse.party,
11/20/2017 17:08:48,2735.6693044261,frontiernet.net,
11/20/2017 17:08:49,8906.5398161133,cox.net,
11/20/2017 17:09:15,11900.127649582,comcast.net,ca
11/20/2017 17:09:22,2017.3068377594,charter.com,
11/20/2017 17:09:23,1338.9704249109,spcsdns.net,
11/20/2017 17:09:39,9427.7556689066,comcast.net,nj
11/20/2017 17:09:46,7694.8620790726,ebox.net,
11/20/2017 17:09:50,4940.7605159482,cox.net,
11/20/2017 17:09:53,1361.3308433626,mesh.ad.jp,
11/20/2017 17:10:06,1667.3233962561,207.in-addr.arpa,
11/20/2017 17:10:08,21768.151436532,comcast.net,ca
11/20/2017 17:10:22,2455.4879650587,spcsdns.net,
11/20/2017 17:10:27,1616.2745051848,cox.net,
11/20/2017 17:10:29,10101.314476776,savagebeast.com,
11/20/2017 17:11:02,1670.1314072897,shawcable.net,
11/20/2017 17:11:06,3572.182884847,bell.ca,
11/20/2017 17:11:31,1598.8392137902,verizon.net,
11/20/2017 17:11:44,2584.235930082,verizon.net,
11/20/2017 17:11:52,4060.6213270656,ocn.ne.jp,
11/20/2017 17:12:02,4233.6039584646,poneytelecom.eu,
11/20/2017 17:12:03,2805.1677893356,charter.com,
11/20/2017 17:12:06,6093.2092134565,monkeybrains.net,
11/20/2017 17:12:29,1445.5735791027,teksavvy.com,
11/20/2017 17:12:34,6880.1967543005,verizon.net,
11/20/2017 17:12:40,9065.3285816156,optonline.net,
11/20/2017 17:12:42,15044.785448166,rr.com,
11/20/2017 17:12:42,1625.1717354185,zen.co.uk,
11/20/2017 17:12:48,963.69255514234,xplornet.com,
11/20/2017 17:12:58,12345.187570673,rr.com,
11/20/2017 17:12:59,5162.822843868,comcast.net,ca
11/20/2017 17:13:00,4683.7851640984,bhn.net,
11/20/2017 17:13:19,1125.47495562,iinet.net.au,
11/20/2017 17:13:20,3278.725255503,numericable.fr,
11/20/2017 17:13:26,1732.5357138031,shawcable.net,
11/20/2017 17:13:37,6071.1430240021,comcast.net,mn
11/20/2017 17:13:58,13316.262228499,cox.net,
11/20/2017 17:14:04,5156.1200351483,sonic.net,
11/20/2017 17:14:08,949.61107403964,qwest.net,
11/20/2017 17:14:09,3836.6279865518,teksavvy.com,
11/20/2017 17:14:11,9823.4842437089,start.ca,
11/20/2017 17:14:13,12116.055760798,telus.net,
11/20/2017 17:14:27,1851.8297266896,sbcglobal.net,
11/20/2017 17:14:35,9136.832492398,att.net,
11/20/2017 17:14:37,3474.1151745491,btcentralplus.com,
11/20/2017 17:14:38,8671.958309672,charter.com,
11/20/2017 17:14:46,4531.2421194558,btcentralplus.com,
11/20/2017 17:14:55,836.37208664507,quicknet.se,
11/20/2017 17:15:02,13437.376953988,sbcglobal.net,
11/20/2017 17:15:15,9037.9484058632,cox.net,
11/20/2017 17:15:22,7694.7297346686,shawcable.net,
11/20/2017 17:15:39,4696.1243241411,att.net,
11/20/2017 17:15:50,8517.7593580793,comcast.net,ga
11/20/2017 17:16:12,1083.0968974485,beanfield.net,
11/20/2017 17:16:19,3704.3327404487,comcast.net,md
11/20/2017 17:16:22,9306.8657260413,rr.com,
11/20/2017 17:16:22,4173.189049041,fibertel.com.ar,
11/20/2017 17:16:35,13284.391435693,comcast.net,wa
11/20/2017 17:16:41,261.1026872954,skybeam.com,
11/20/2017 17:16:44,11901.820995249,cox.net,
11/20/2017 17:16:54,1444.5157109012,bhn.net,
11/20/2017 17:17:17,5853.7397517886,telus.net,
11/20/2017 17:17:49,4460.7814569667,rr.com,
11/20/2017 17:18:22,3427.5400317978,commnet.edu,
11/20/2017 17:18:36,5255.5338268066,cox.net,
11/20/2017 17:19:10,4452.6628017881,comcast.net,mi
11/20/2017 17:19:24,2612.5488189942,sbcglobal.net,
11/20/2017 17:19:31,3385.9511489065,exetel.com.au,
11/20/2017 17:19:31,3508.0045358558,sbcglobal.net,
11/20/2017 17:19:38,2529.9724024739,sbcglobal.net,
11/20/2017 17:19:46,4481.2338125282,comcast.net,wa
11/20/2017 17:19:48,7749.5913769036,cgocable.net,
11/20/2017 17:19:50,10766.826480679,rr.com,
11/20/2017 17:19:54,6724.1171511382,bhn.net,
11/20/2017 17:20:07,1285.9312884106,tpgi.com.au,
11/20/2017 17:20:28,1110.6757494516,catt.com,
11/20/2017 17:20:42,3119.3710283323,verizon.net,
11/20/2017 17:20:44,5594.1917598035,charter.com,
11/20/2017 17:20:45,4780.8109986873,hinet.net,
11/20/2017 17:20:48,4091.8992268538,cstel.net,
11/20/2017 17:21:02,2501.1146909578,comcast.net,wa
11/20/2017 17:21:02,20903.013638894,comcast.net,ut
11/20/2017 17:21:16,8383.4371221813,rr.com,
11/20/2017 17:21:19,15088.447416799,comcast.net,or
11/20/2017 17:21:30,4516.2796781377,rr.com,
11/20/2017 17:21:53,4913.1583171796,02.net,
11/20/2017 17:21:58,785.52974352835,xtra.co.nz,
11/20/2017 17:21:59,2376.2805537301,comcast.net,or
11/20/2017 17:22:09,7384.6268710479,sbcglobal.net,
11/20/2017 17:22:18,3328.5410471135,charter.com,
11/20/2017 17:23:13,6453.4686283157,myvzw.com,
11/20/2017 17:23:31,175.32078185631,cox.net,
11/20/2017 17:23:39,2843.8954035778,siliconvalleywifi.com,
11/20/2017 17:23:49,4009.0917895789,telus.net,
11/20/2017 17:23:52,10882.5037804,rr.com,
11/20/2017 17:24:14,5352.7915905571,btcentralplus.com,
11/20/2017 17:24:19,4865.1987542278,plus.com,
11/20/2017 17:24:23,3610.5214641461,verizon.net,
11/20/2017 17:24:25,4624.5967603565,plus.com,
11/20/2017 17:24:31,5592.5888401547,cox.net,
11/20/2017 17:24:34,15445.472377927,ttu.edu,
11/20/2017 17:25:18,962.36269346508,cable.net.co,
11/20/2017 17:25:38,1262.9702581325,ec2-54-153-183-25.ap-southeast-2.compute.amazonaws.com,
11/20/2017 17:25:52,1312.5176220202,comcast.net,or
11/20/2017 17:25:57,1014.5786725057,pppoe.ca,
11/20/2017 17:26:26,8093.5689575441,rr.com,
11/20/2017 17:26:36,6388.4688612575,comcast.net,mi
11/20/2017 17:26:41,1203.8663031122,bigair.net.au,
11/20/2017 17:27:02,12998.939635582,pivotallabs.com,
11/20/2017 17:27:32,1780.3602000784,optusnet.com.au,
11/20/2017 17:27:40,57.85861192283,netflash.net,
11/20/2017 17:27:42,3480.0110097205,verizon.net,
11/20/2017 17:27:59,3431.2846432066,optonline.net,
11/20/2017 17:28:00,1305.9184739751,optusnet.com.au,
11/20/2017 17:28:11,1602.8308918432,comcast.net,ga
11/20/2017 17:28:16,1480.5897501042,verizon.net,
11/20/2017 17:28:39,4465.1968997886,comhem.se,
11/20/2017 17:28:43,10558.333073573,verizon.net,
11/20/2017 17:29:15,1681.9972238023,optusnet.com.au,
11/20/2017 17:29:16,4692.2669333541,telus.net,
11/20/2017 17:29:19,6250.0401759134,rcncustomer.com,
11/20/2017 17:29:43,1020.7773008582,optusnet.com.au,
11/20/2017 17:30:09,3145.307537807,comcast.net,va
11/20/2017 17:30:12,15641.693227095,comcast.net,ca
11/20/2017 17:30:18,2781.1651817484,snap.net.nz,
11/20/2017 17:30:48,1177.6902893624,myvzw.com,
11/20/2017 17:31:15,595.12381430463,myfairpoint.net,
11/20/2017 17:31:20,3511.9567058707,aquinas.wa.edu.au,
11/20/2017 17:31:32,1079.4419114647,telus.net,
11/20/2017 17:31:39,2354.0511671031,monkeybrains.net,
11/20/2017 17:31:50,317.70298181424,superonline.net,
11/20/2017 17:31:54,4826.3639650022,verizon.net,
11/20/2017 17:32:04,338.90184707569,aapt.com.au,
11/20/2017 17:32:22,4002.970978286,telepac.pt,
11/20/2017 17:32:49,2601.3226181848,charter.com,
11/20/2017 17:33:05,1801.5575710037,virginm.net,
11/20/2017 17:33:23,3919.7213919306,verizon.net,
11/20/2017 17:33:31,12353.013255071,comcast.net,co
11/20/2017 17:34:43,3603.06405894,rogers.com,
11/20/2017 17:35:00,10867.67823128,sbcglobal.net,
11/20/2017 17:35:07,3749.9150770915,bell.ca,
11/20/2017 17:35:44,12947.970155832,comcast.net,co
11/20/2017 17:35:52,5272.9866165793,bigpond.net.au,
11/20/2017 17:36:07,1990.7842423986,sbcglobal.net,
11/20/2017 17:37:00,14508.843354308,sbcglobal.net,
11/20/2017 17:37:21,3405.928236506,videotron.ca,
11/20/2017 17:37:29,4530.9003384223,rr.com,
11/20/2017 17:38:05,2243.0986437167,rr.com,
11/20/2017 17:38:17,14961.114898928,qwest.net,
11/20/2017 17:38:30,7227.4199395181,rr.com,
11/20/2017 17:38:47,4595.607823785,chello.nl,
11/20/2017 17:38:55,1502.825761177,sbcglobal.net,
11/20/2017 17:38:59,5514.7496872009,rogers.com,
11/20/2017 17:39:27,3595.6249040654,qwest.net,
11/20/2017 17:39:40,8235.5695634808,rr.com,
11/20/2017 17:40:27,8477.2632856702,comcast.net,va
11/20/2017 17:40:30,1502.4408889515,rr.com,
11/20/2017 17:41:06,17142.419853588,comcast.net,co
11/20/2017 17:41:17,7526.4178770871,rr.com,
11/20/2017 17:41:54,607.55482796165,fusionbroadband.com,
11/20/2017 17:42:11,31834.852543102,comcast.net,ca
11/20/2017 17:42:11,2901.9341460658,comcast.net,ga
11/20/2017 17:42:23,1706.0458259712,comcast.net,pa
11/20/2017 17:43:07,3996.8290303582,charter.com,
11/20/2017 17:43:19,10441.239431963,comcast.net,ca
11/20/2017 17:43:25,4888.7722383918,rr.com,
11/20/2017 17:43:32,1646.001101277,sbcglobal.net,
11/20/2017 17:43:36,8278.463208697,cox.net,
11/20/2017 17:44:05,7204.2817678956,virginm.net,
11/20/2017 17:44:06,2772.0913374584,sl-reverse.com,
11/20/2017 17:44:09,10840.170864604,cox.net,
11/20/2017 17:44:16,8306.4126400001,shawcable.net,
11/20/2017 17:44:56,8078.0062914888,att.net,
11/20/2017 17:45:38,3016.9565813091,att.net,
11/20/2017 17:46:07,7201.1128461538,rr.com,
11/20/2017 17:46:08,2560.4877638157,optusnet.com.au,
11/20/2017 17:46:13,6931.0971017788,rr.com,
11/20/2017 17:46:35,1192.5702215058,mgniers.com,
11/20/2017 17:46:37,1794.1490853164,verizon.net,
11/20/2017 17:47:06,812.5950305434,dronkert.net,
11/20/2017 17:47:37,4254.4137982339,qwest.net,
11/20/2017 17:48:06,1249.5023723634,comcast.net,pa
11/20/2017 17:51:44,5095.7389818043,bhn.net,
11/20/2017 17:51:52,8672.5239043939,ucalgary.ca,
11/20/2017 17:52:00,5782.7150114299,axtel.net,
11/20/2017 17:52:05,3331.6078880975,ziggo.nl,
11/20/2017 17:52:15,1319.5092451221,estpak.ee,
11/20/2017 17:52:46,3477.5262414549,rr.com,
11/20/2017 17:52:59,1806.3527939013,aerioconnect.net,
11/20/2017 17:53:00,263.47276613566,comcast.net,il
11/20/2017 17:53:28,3670.0541475965,cox.net,
11/20/2017 17:53:40,20028.227639911,astound.net,
11/20/2017 17:54:05,6476.8192136343,verizon.net,
11/20/2017 17:56:51,1100.8419521221,104.in-addr.arpa,
11/20/2017 17:56:53,11766.321261096,verizon.net,
11/20/2017 17:56:57,2034.0381693129,telus.net,
11/20/2017 17:57:30,1300.0287434155,spdop.ru,
11/20/2017 17:58:13,615.19301491211,sbcglobal.net,
11/20/2017 17:58:17,1345.0203798758,cox.net,
11/20/2017 17:58:35,1833.5685524419,tds.net,
11/20/2017 17:58:51,1205.7186071646,skybroadband.com,
11/20/2017 17:59:15,389.34163545953,rr.com,
11/20/2017 17:59:34,10108.019653246,sbcglobal.net,
11/20/2017 18:00:18,5447.3708574855,charter.com,
11/20/2017 18:00:23,2194.2260945229,sbcglobal.net,
11/20/2017 18:00:45,4003.463881117,rr.com,
11/20/2017 18:00:54,4336.221456504,elisa-mobile.fi,
11/20/2017 18:02:03,6581.9203553988,shawcable.net,
11/20/2017 18:02:04,9956.1977188427,comcast.net,in
11/20/2017 18:02:40,2196.2127217217,rr.com,
11/20/2017 18:02:49,1024.3527948451,telstra.net,
11/20/2017 18:02:56,2318.726091363,copel.net,
11/20/2017 18:03:03,2538.8233353867,axtel.net,
11/20/2017 18:03:28,18875.471680534,monkeybrains.net,
11/20/2017 18:03:43,3275.1393420359,tds.net,
11/20/2017 18:03:49,11108.375496987,comcast.net,ca
11/20/2017 18:03:50,1975.96440495,telecomitalia.it,
11/20/2017 18:05:33,4511.1861947198,prod-infinitum.com.mx,
11/20/2017 18:05:41,8127.0003353951,qwest.net,
11/20/2017 18:05:51,3035.1968530952,comcast.net,pa
11/20/2017 18:05:55,3525.5529186444,qwest.net,
11/20/2017 18:05:58,3876.0487880487,verizon.net,
11/20/2017 18:06:24,1911.4063300296,qwest.net,
11/20/2017 18:06:55,1120.7561725105,usinternet.com,
11/20/2017 18:07:08,7833.5611758821,myvzw.com,
11/20/2017 18:07:32,7513.1643992598,charter.com,
11/20/2017 18:07:42,2916.3192294557,fuse.net,
11/20/2017 18:08:05,2416.9532049817,cox.net,
11/20/2017 18:08:31,1446.8554399004,sbcglobal.net,
11/20/2017 18:08:41,10041.33765196,rogers.com,
11/20/2017 18:09:32,15066.045718694,sbcglobal.net,
11/20/2017 18:10:44,1706.994284884,sbcglobal.net,
11/20/2017 18:12:33,1232.2093001038,btcentralplus.com,
11/20/2017 18:13:46,474.39347777011,qwest.net,
11/20/2017 18:13:57,2053.8475078104,cox.net,
11/20/2017 18:14:16,9278.1777563338,verizon.net,
11/20/2017 18:14:33,9059.6541020928,verizon.net,
11/20/2017 18:16:08,1819.736425166,verizon.net,
11/20/2017 18:16:33,1077.6080391828,charter.com,
11/20/2017 18:16:49,1101.0462007887,comcast.net,in
11/20/2017 18:19:01,3673.4753312707,m1.com.sg,
11/20/2017 18:19:47,13769.974577452,rr.com,
11/20/2017 18:20:58,2645.6602085886,vocus.net.au,
11/20/2017 18:21:28,4850.6519162056,virginm.net,
11/20/2017 18:23:21,1565.3127893243,videotron.ca,
11/20/2017 18:23:32,3352.5751767043,comcast.net,or
11/20/2017 18:23:40,9814.8404167923,comcast.net,ca
11/20/2017 18:23:55,5373.7695315958,comcast.net,or
11/20/2017 18:24:34,9189.1636278367,comcast.net,ga
11/20/2017 18:24:34,951.69634428935,on.net,
11/20/2017 18:25:38,12788.363173819,shawcable.net,
11/20/2017 18:25:58,11563.984378944,rr.com,
11/20/2017 18:26:02,916.28140690439,on.net,
11/20/2017 18:26:27,7882.0977771122,comcast.net,nj
11/20/2017 18:27:41,751.69971336745,btcentralplus.com,
11/20/2017 18:27:44,565.01149675599,rogers.com,
11/20/2017 18:27:49,1076.0875334097,charter.com,
11/20/2017 18:28:10,15514.009025646,cox.net,
11/20/2017 18:29:07,1586.9622377705,comcast.net,wa
11/20/2017 18:31:24,8448.0504298359,monkeybrains.net,
11/20/2017 18:33:04,29394.501482226,rr.com,
11/20/2017 18:34:18,4492.4544714514,electronicbox.net,
11/20/2017 18:34:31,577.53433573663,exetel.com.au,
11/20/2017 18:34:52,3418.570577703,frontiernet.net,
11/20/2017 18:36:03,7994.2353511502,totalplay.net,
11/20/2017 18:36:08,6425.081699388,charter.com,
11/20/2017 18:37:05,2322.2013771597,broadstripe.net,
11/20/2017 18:37:07,1349.429748011,verizon.net,
11/20/2017 18:37:23,5135.9973988576,bell.ca,
11/20/2017 18:37:27,6245.3247622687,rr.com,
11/20/2017 18:37:47,4258.5842940133,planet.nl,
11/20/2017 18:37:53,3635.2624120823,snap.net.nz,
11/20/2017 18:38:16,14529.72813809,charter.com,
11/20/2017 18:38:18,2322.8764406101,rr.com,
11/20/2017 18:38:29,1702.1604686648,qwest.net,
11/20/2017 18:38:55,12719.81019944,sbcglobal.net,
11/20/2017 18:39:11,2666.1812851334,qwest.net,
11/20/2017 18:39:58,3850.6909406987,monkeybrains.net,
11/20/2017 18:40:44,3313.8622544666,comcast.net,nj
11/20/2017 18:41:04,4594.9025464031,comcast.net,ga
11/20/2017 18:42:43,330.54338961059,charter.com,
11/20/2017 18:43:04,751.31603907261,vivintwireless.net,
11/20/2017 18:44:18,14458.701144283,sbcglobal.net,
11/20/2017 18:45:55,6988.990337871,charter.com,
11/20/2017 18:46:32,858.80125089204,e-nw.net,
11/20/2017 18:47:35,710.91213261898,shawcable.net,
11/20/2017 18:48:18,881.14604347796,knology.net,
11/20/2017 18:49:25,2298.173690334,telefonica.de,
11/20/2017 18:50:04,22878.361012632,comcast.net,wa
11/20/2017 18:50:44,1484.0828213669,comcast.net,in
11/20/2017 18:50:50,3596.7584342534,mchsi.com,
11/20/2017 18:51:41,1608.4491206126,tie.cl,
11/20/2017 18:52:19,3838.1924558524,comcast.net,ca
11/20/2017 18:53:32,14714.335181061,rr.com,
11/20/2017 18:53:48,236.71972830762,amnet.net.au,
11/20/2017 18:55:07,2095.6337399601,verizon.net,
11/20/2017 18:55:23,2286.3844164388,prod-infinitum.com.mx,
11/20/2017 18:55:36,2989.2900792641,rr.com,
11/20/2017 18:55:37,2683.6506049007,sbcglobal.net,
11/20/2017 18:55:46,5529.4456112443,sbcglobal.net,
11/20/2017 18:56:39,7504.6627917034,comcast.net,ca
11/20/2017 18:57:08,6764.7555223152,verizon.net,
11/20/2017 18:57:18,5335.2590465006,comcast.net,ma
11/20/2017 18:58:51,6805.4065857348,rr.com,
11/20/2017 18:59:11,8156.6361358634,rr.com,
11/20/2017 18:59:16,3915.4867395038,2com.net,
11/20/2017 19:00:05,3600.4617981598,ptd.net,
11/20/2017 19:00:07,1189.7714434424,verizon.net,
11/20/2017 19:00:20,2609.2412715127,rr.com,
11/20/2017 19:01:01,1074.1134001043,mchsi.com,
11/20/2017 19:01:02,5807.3526187134,rpi.edu,
11/20/2017 19:01:19,3451.1719698741,rr.com,
11/20/2017 19:02:10,1540.2485782895,as13285.net,
11/20/2017 19:03:25,286.92323446355,dodo.net.au,
11/20/2017 19:05:48,1651.8678675639,comcast.net,az
11/20/2017 19:05:54,4063.4807530278,shawcable.net,
11/20/2017 19:08:45,3991.456541443,rogers.com,
11/20/2017 19:08:59,944.01266529565,teksavvy.com,
11/20/2017 19:09:42,5114.1735081414,verizon.net,
11/20/2017 19:10:38,5854.0409457503,telus.net,
11/20/2017 19:12:09,2518.3521080014,shawcable.net,
11/20/2017 19:12:29,3838.9285026523,vf.net.nz,
11/20/2017 19:15:09,11954.634657877,rr.com,
11/20/2017 19:17:06,6535.7910265721,cox.net,
11/20/2017 19:17:29,6801.5440746975,rr.com,
11/20/2017 19:17:42,9387.3906079261,monkeybrains.net,
11/20/2017 19:17:52,3707.2784018962,qwest.net,
11/20/2017 19:17:54,9747.1227522725,comcast.net,or
11/20/2017 19:17:55,8776.4598147979,rcncustomer.com,
11/20/2017 19:19:08,6379.5613873327,cablelynx.com,
11/20/2017 19:20:22,3881.5187834405,comcast.net,de
11/20/2017 19:21:05,11501.812911077,paxio.net,
11/20/2017 19:23:06,1558.2913790873,swisscom.ch,
11/20/2017 19:24:46,4281.3525947487,cybercable.net.mx,
11/20/2017 19:26:58,7939.4396302688,charter.com,
11/20/2017 19:27:35,4365.2819480344,qwest.net,
11/20/2017 19:28:13,11117.914982896,cox.net,
11/20/2017 19:28:26,2979.9117009708,fibrestream.ca,
11/20/2017 19:29:01,11127.616456769,fibrestream.ca,
11/20/2017 19:29:17,6029.0477323835,jazztel.es,
11/20/2017 19:29:50,11505.197458283,comcast.net,or
11/20/2017 19:30:26,1070.7688877217,comcast.net,nj
11/20/2017 19:30:56,4652.6366443477,optusnet.com.au,
11/20/2017 19:31:03,890.41155985662,qwest.net,
11/20/2017 19:32:23,6089.354976441,pppoe.ca,
11/20/2017 19:32:26,552.82433390355,aapt.com.au,
11/20/2017 19:32:27,5157.0626252278,optusnet.com.au,
11/20/2017 19:33:28,14709.865123723,comcast.net,mi
11/20/2017 19:34:08,3254.1448487347,cgocable.net,
11/20/2017 19:34:52,3675.1041934199,comcast.net,co
11/20/2017 19:37:54,2342.5043372793,rogers.com,
11/20/2017 19:38:48,8000.2155063984,comcast.net,wa
11/20/2017 19:42:33,2621.7890064589,eastlink.ca,
11/20/2017 19:42:35,7956.3586164685,comcast.net,ca
11/20/2017 19:43:40,2879.9918675652,shawcable.net,
11/20/2017 19:45:33,874.48430148238,comcast.net,ut
11/20/2017 19:45:50,2924.2763567733,verizon.net,
11/20/2017 19:45:56,767.81643258918,optonline.net,
11/20/2017 19:47:28,1558.5730155649,suddenlink.net,
11/20/2017 19:50:31,8379.4037486948,comcast.net,ut
11/20/2017 19:52:39,437.44673119923,redstation.co.uk,
11/20/2017 19:53:12,10812.961644912,comcast.net,wa
11/20/2017 19:53:55,10515.775916535,cox.net,
11/20/2017 19:55:09,4332.7235152566,sbcglobal.net,
11/20/2017 19:56:31,6592.4312265661,comcastbusiness.net,
11/20/2017 20:01:53,1750.3678127445,asianet.co.th,
11/20/2017 20:03:05,7278.5717825163,shawcable.net,
11/20/2017 20:04:27,13021.770461882,sbcglobal.net,
11/20/2017 20:04:30,1803.1448328025,t-ipconnect.de,
11/20/2017 20:05:01,1625.8745254809,comcast.net,ca
11/20/2017 20:06:08,134.73375047502,tpgi.com.au,
11/20/2017 20:07:47,3725.0864374078,bendbroadband.com,
11/20/2017 20:08:03,3141.8631478117,teksavvy.com,
11/20/2017 20:09:45,19179.603713771,comcast.net,ut
11/20/2017 20:10:34,7243.5859345861,cox.net,
11/20/2017 20:11:27,4783.2617928626,bhn.net,
11/20/2017 20:11:47,1221.9681316535,rr.com,
11/20/2017 20:12:24,181.9083156049,xplornet.com,
11/20/2017 20:12:41,6252.2437770594,shawcable.net,
11/20/2017 20:14:09,9524.2079623872,verizon.net,
11/20/2017 20:14:18,8214.4480637806,charter.com,
11/20/2017 20:14:37,1257.3687775653,hjaltelin.com,
11/20/2017 20:17:27,2410.9576169229,rr.com,
11/20/2017 20:17:37,6630.962579163,northwestel.net,
11/20/2017 20:18:18,356.48835480006,telecom.kz,
11/20/2017 20:18:23,2908.8277030326,t-ipconnect.de,
11/20/2017 20:19:54,8225.7092353393,comcast.net,pa
11/20/2017 20:23:02,11219.452186158,rr.com,
11/20/2017 20:24:17,4056.0141193807,cox.net,
11/20/2017 20:24:28,174.38362283083,nctv.com,
11/20/2017 20:25:19,6197.5849811531,telus.net,
11/20/2017 20:25:27,12127.400215725,rr.com,
11/20/2017 20:26:46,8943.6412954073,comcast.net,ca
11/20/2017 20:28:07,4840.5915101352,jmdi.pl,
11/20/2017 20:29:08,1365.1506754814,ewe-ip-backbone.de,
11/20/2017 20:29:36,6922.2441457837,verizon.net,
11/20/2017 20:29:42,2128.1468798206,sbcglobal.net,
11/20/2017 20:29:54,24718.382651534,comcast.net,ca
11/20/2017 20:30:05,2814.5001240978,t-ipconnect.de,
11/20/2017 20:30:05,5435.7402911339,rr.com,
11/20/2017 20:30:53,2905.5114698053,comhem.se,
11/20/2017 20:33:13,2264.7837035997,t-ipconnect.de,
11/20/2017 20:33:55,8998.9268169014,bhn.net,
11/20/2017 20:34:59,2385.7635080445,wbroadband.net.au,
11/20/2017 20:35:14,553.51263253998,t-ipconnect.de,
11/20/2017 20:35:20,1255.8810428606,ctinets.com,
11/20/2017 20:35:31,2997.622505023,astound.net,
11/20/2017 20:35:31,596.8476015031,as13285.net,
11/20/2017 20:36:17,1488.9109422718,rr.com,
11/20/2017 20:39:44,13480.751086001,comcast.net,in
11/20/2017 20:40:00,10244.839932997,comcast.net,in
11/20/2017 20:40:07,15742.791601239,comcast.net,ca
11/20/2017 20:40:27,22058.487515802,comcast.net,or
11/20/2017 20:40:30,13286.717469027,gci.net,
11/20/2017 20:40:42,8558.4165115131,cox.net,
11/20/2017 20:41:48,742.88750429401,inet.fi,
11/20/2017 20:42:08,1024.1751398132,comcast.net,ma
11/20/2017 20:42:36,6554.8207273404,sbcglobal.net,
11/20/2017 20:43:54,2181.8622699496,qwest.net,
11/20/2017 20:44:39,1212.3827638111,prod-infinitum.com.mx,
11/20/2017 20:44:45,2498.2549431288,shawcable.net,
11/20/2017 20:44:49,6563.8138937513,optonline.net,
11/20/2017 20:46:37,3513.424324763,frontiernet.net,
11/20/2017 20:50:38,5833.5960454573,gmu.edu,
11/20/2017 20:52:57,544.6856774153,fusionbroadband.com,
11/20/2017 20:54:39,1956.3835189536,upcbusiness.at,
11/20/2017 20:55:02,5066.6646565008,comcast.net,mn
11/20/2017 20:55:53,6795.8429314467,damutten.ch,
11/20/2017 20:56:07,4563.3521843536,comhem.se,
11/20/2017 20:56:49,12244.395711664,comcast.net,ca
11/20/2017 20:57:24,24251.780548795,rr.com,
11/20/2017 20:58:15,1062.5878788824,optonline.net,
11/20/2017 21:00:21,790.25775625954,qwest.net,
11/20/2017 21:01:29,3713.5221880533,btcentralplus.com,
11/20/2017 21:07:10,2207.1080087233,qwest.net,
11/20/2017 21:07:20,4541.8677698361,ziggo.nl,
11/20/2017 21:07:53,12174.316265917,comcast.net,or
11/20/2017 21:07:56,300.55502481006,t-ipconnect.de,
11/20/2017 21:08:35,1832.2581924428,shawcable.net,
11/20/2017 21:10:55,3102.8281435519,asianet.co.th,
11/20/2017 21:13:00,4164.1791729538,unitymediagroup.de,
11/20/2017 21:13:11,982.97268835934,xs4all.nl,
11/20/2017 21:15:33,2647.6104431058,telefonica.de,
11/20/2017 21:16:30,3038.3565160404,myvzw.com,
11/20/2017 21:17:21,2249.8309908329,videotron.ca,
11/20/2017 21:17:22,801.74607924048,t-ipconnect.de,
11/20/2017 21:17:33,5796.2366361652,sfr.net,
11/20/2017 21:18:07,6449.3573996053,shawcable.net,
11/20/2017 21:18:27,1238.0102467098,as9105.com,
11/20/2017 21:18:47,2555.1535406131,ebox.net,
11/20/2017 21:19:02,2766.0066439406,cox.net,
11/20/2017 21:20:13,6462.8799459371,init7.net,
11/20/2017 21:20:32,4192.3408872505,chello.pl,
11/20/2017 21:22:44,3370.3352104425,euskaltel.es,
11/20/2017 21:24:05,3583.7739797087,verizon.net,
11/20/2017 21:24:24,12070.007407865,comcast.net,or
11/20/2017 21:24:26,1668.4253749504,telstra.net,
11/20/2017 21:24:39,8847.1914557109,utexas.edu,
11/20/2017 21:25:19,3009.1874070679,kabel-badenwuerttemberg.de,
11/20/2017 21:25:50,1878.9563169078,vectranet.pl,
11/20/2017 21:26:46,8311.961809196,rogers.com,
11/20/2017 21:28:22,1439.8652772001,myvzw.com,
11/20/2017 21:28:48,959.92608758694,gigaclear.net,
11/20/2017 21:28:54,8881.2989251892,comcast.net,va
11/20/2017 21:29:50,5845.204331935,kabel-deutschland.de,
11/20/2017 21:30:24,4252.7026611428,mgts.by,
11/20/2017 21:31:02,8560.9276010095,att.net,
11/20/2017 21:31:14,24804.965050433,cox.net,
11/20/2017 21:33:01,2853.3827099636,optusnet.com.au,
11/20/2017 21:33:49,17643.023244398,sbcglobal.net,
11/20/2017 21:34:27,15667.709593235,cox.net,
11/20/2017 21:37:36,4742.0786902886,astound.net,
11/20/2017 21:37:39,2082.2693660646,vps.st,
11/20/2017 21:37:39,11532.173858175,rr.com,
11/20/2017 21:38:05,11744.129417737,rr.com,
11/20/2017 21:39:08,2203.9359239365,cox.net,
11/20/2017 21:39:50,1843.0822560571,qwest.net,
11/20/2017 21:39:50,1177.8525010291,megared.net.mx,
11/20/2017 21:40:06,6053.7482444701,comcast.net,or
11/20/2017 21:41:46,15393.450067587,comcast.net,ca
11/20/2017 21:46:19,1838.6619028622,comcast.net,co
11/20/2017 21:46:41,5969.5121641377,comcast.net,ca
11/20/2017 21:46:56,5643.8136413,dnainternet.fi,
11/20/2017 21:48:07,1290.8679029338,swisscom.ch,
11/20/2017 21:48:26,1175.1879880043,fibianet.dk,
11/20/2017 21:49:24,2682.5510473989,t-ipconnect.de,
11/20/2017 21:50:49,1395.5509095325,cox.net,
11/20/2017 21:52:03,4307.7915915681,bigpond.net.au,
11/20/2017 21:52:37,1182.3828394558,kabel-badenwuerttemberg.de,
11/20/2017 21:54:57,642.48821679605,telenet.be,
11/20/2017 21:55:15,4891.5380542065,btcentralplus.com,
11/20/2017 21:57:10,1341.8381932953,broadband.hu,
11/20/2017 21:57:28,1695.6818849714,fibianet.dk,
11/20/2017 21:57:53,5489.1538491179,charter.com,
11/20/2017 21:58:25,9675.1224486739,rr.com,
11/20/2017 21:58:26,2032.8546343096,comhem.se,
11/20/2017 21:59:41,1106.2540924791,telekom.at,
11/20/2017 22:01:42,3370.9375300085,versanet.de,
11/20/2017 22:02:21,6836.9947685051,telus.net,
11/20/2017 22:03:00,5291.5738480174,telus.net,
11/20/2017 22:03:25,6367.9612398003,telia.com,
11/20/2017 22:03:53,2184.837486786,t-ipconnect.de,
11/20/2017 22:05:12,1528.8777921299,swisscom.ch,
11/20/2017 22:10:32,2709.1380939255,t-ipconnect.de,
11/20/2017 22:10:44,4736.3214062405,direct-adsl.nl,
11/20/2017 22:10:58,13998.144200235,comcast.net,wa
11/20/2017 22:11:19,2522.6145280856,xs4all.nl,
11/20/2017 22:11:20,4036.5712341593,qwest.net,
11/20/2017 22:12:06,2146.8637410948,qwest.net,
11/20/2017 22:12:23,4702.4959396184,btcentralplus.com,
11/20/2017 22:12:29,6376.7269755718,telenet.be,
11/20/2017 22:13:21,620.94405988751,adslplus.ch,
11/20/2017 22:13:50,1570.3313040379,direct-adsl.nl,
11/20/2017 22:14:20,922.63166456887,plus.net,
11/20/2017 22:15:20,2187.2553319211,virginm.net,
11/20/2017 22:16:52,630.51929465391,t-ipconnect.de,
11/20/2017 22:20:55,1359.9231939928,swisscom.ch,
11/20/2017 22:21:18,654.64496100466,rr.com,
11/20/2017 22:22:52,702.2475733074,salzburg-online.at,
11/20/2017 22:23:48,7723.4756984247,comcast.net,or
11/20/2017 22:25:50,5255.4798075464,overthebox.ovh,
11/20/2017 22:27:09,2547.2335548949,swisscom.ch,
11/20/2017 22:28:29,12454.709376061,videotron.ca,
11/20/2017 22:28:37,805.67940511781,adslplus.ch,
11/20/2017 22:29:06,9387.0582320046,rr.com,
11/20/2017 22:32:28,11875.052746234,cox.net,
11/20/2017 22:33:04,1903.1541490827,rr.com,
11/20/2017 22:34:31,2235.2092984999,chello.nl,
11/20/2017 22:34:55,5275.3074928913,81.in-addr.arpa,
11/20/2017 22:35:16,334.42711266954,t-ipconnect.de,
11/20/2017 22:35:20,1298.8395894281,belgacom.be,
11/20/2017 22:35:45,3427.6580641238,teksavvy.com,
11/20/2017 22:36:38,2774.7263569226,t-ipconnect.de,
11/20/2017 22:37:23,4205.3440548393,t-ipconnect.de,
11/20/2017 22:38:23,2234.9380593518,hausgedacht.de,
11/20/2017 22:38:38,3487.4271981849,virginm.net,
11/20/2017 22:38:38,8992.1187948543,rr.com,
11/20/2017 22:38:58,6130.4221138213,comcastbusiness.net,
11/20/2017 22:41:24,1377.8381423405,hol.gr,
11/20/2017 22:41:46,6073.1308026591,comcastbusiness.net,
11/20/2017 22:43:11,2896.7394207927,getinternet.no,
11/20/2017 22:43:53,1345.5701350956,prioritytelecom.net,
11/20/2017 22:44:10,6006.067777208,online.no,
11/20/2017 22:44:41,774.80714524472,zen.co.uk,
11/20/2017 22:45:41,4267.115618999,telia.com,
11/20/2017 22:47:02,3031.4540605401,webspeed.dk,
11/20/2017 22:48:15,1156.6503318299,bahnhof.se,
11/20/2017 22:49:46,2318.0954124003,telfort.nl,
11/20/2017 22:49:56,6467.4987582534,novuscom.net,
11/20/2017 22:50:31,1431.6648564052,cruzio.com,
11/20/2017 22:51:12,5800.4230032888,hispeed.ch,
11/20/2017 22:52:51,4537.9660765699,xs4all.nl,
11/20/2017 22:54:26,2599.9604137122,plus.com,
11/20/2017 22:55:41,3978.3666869508,mnet-online.de,
11/20/2017 22:55:49,3015.7495267186,kabel-badenwuerttemberg.de,
11/20/2017 22:56:00,7019.5858494532,virginm.net,
11/20/2017 22:56:44,4048.6590267873,virginm.net,
11/20/2017 22:59:04,3191.3379933167,sbcglobal.net,
11/20/2017 22:59:11,518.98484848146,alshamil.net.ae,
11/20/2017 22:59:13,1333.5750334099,prioritytelecom.net,
11/20/2017 22:59:23,5312.9434691707,btcentralplus.com,
11/20/2017 23:00:10,1399.2905708942,btcentralplus.com,
11/20/2017 23:00:55,5736.6767786104,dnainternet.fi,
11/20/2017 23:01:03,674.01332599618,comcast.net,wa
11/20/2017 23:01:21,3257.1108948535,fastwebnet.it,
11/20/2017 23:03:37,2559.1082056687,telefonica.de,
11/20/2017 23:03:46,338.81844305461,estpak.ee,
11/20/2017 23:04:27,1003.5854082571,glasoperator.nl,
11/20/2017 23:05:16,4788.1848059427,btcentralplus.com,
11/20/2017 23:06:06,3540.8377290139,kabel-badenwuerttemberg.de,
11/20/2017 23:07:31,2072.2924339062,comcast.net,co
11/20/2017 23:08:11,3646.5872997949,btcentralplus.com,
11/20/2017 23:09:31,5836.61207026,unitymediagroup.de,
11/20/2017 23:09:38,1385.9830948144,telus.net,
11/20/2017 23:10:11,2992.2324648617,tropolys.de,
11/20/2017 23:10:32,5039.4618635086,unitymediagroup.de,
11/20/2017 23:10:52,322.82385579728,skybroadband.com,
11/20/2017 23:11:50,1276.2300844933,prioritytelecom.net,
11/20/2017 23:12:01,7248.1663577383,virginm.net,
11/20/2017 23:12:15,887.13622356185,iinet.net.au,
11/20/2017 23:16:13,1942.9541583053,virginm.net,
11/20/2017 23:17:54,4541.9133984293,t-ipconnect.de,
11/20/2017 23:18:32,2447.2379993828,vodafone.pt,
11/20/2017 23:19:11,612.97972340403,zen.co.uk,
11/20/2017 23:20:35,4657.4508758541,mnet-online.de,
11/20/2017 23:20:38,6395.2674600879,kabel-deutschland.de,
11/20/2017 23:20:45,2735.9181529361,btcentralplus.com,
11/20/2017 23:21:03,1932.0669281177,derkom.net.pl,
11/20/2017 23:22:15,1311.7496882776,ziggo.nl,
11/20/2017 23:22:19,1110.8787649458,bahnhof.se,
11/20/2017 23:22:57,4151.5764134147,virginm.net,
11/20/2017 23:24:09,4794.6022481553,kpn.net,
11/20/2017 23:24:42,5671.0531674856,unity-media.net,
11/20/2017 23:27:43,568.73003840023,plus.com,
11/20/2017 23:27:51,1308.0482372271,broadband.hu,
11/20/2017 23:29:08,1271.6298959771,swisscom.ch,
11/20/2017 23:30:21,1551.751447918,t-ipconnect.de,
11/20/2017 23:32:03,6216.2874861634,virginm.net,
11/20/2017 23:32:23,2804.1756720075,modulonet.fr,
11/20/2017 23:32:46,4899.5027291978,zen.co.uk,
11/20/2017 23:32:58,541.33514050319,xs4all.nl,
11/20/2017 23:33:18,1276.4944218255,iinet.net.au,
11/20/2017 23:33:49,3505.2125813361,t-ipconnect.de,
11/20/2017 23:34:24,4789.6171639329,virginm.net,
11/20/2017 23:35:40,683.4875309919,telekom.at,
11/20/2017 23:36:12,1390.081238811,virginm.net,
11/20/2017 23:36:42,319.33089741855,wanadoo.fr,
11/20/2017 23:37:00,2790.0820150691,t-ipconnect.de,
11/20/2017 23:38:33,4815.3304426556,zen.co.uk,
11/20/2017 23:38:57,2474.6229922055,stofanet.dk,
11/20/2017 23:39:32,682.31807089245,internetbolaget.nu,
11/20/2017 23:39:41,4039.1003843993,as43234.net,
11/20/2017 23:39:55,4288.5040914837,virginm.net,
11/20/2017 23:40:41,1871.2179634807,kabel-deutschland.de,
11/20/2017 23:42:05,6241.2421895781,telenet.be,
11/20/2017 23:44:30,1627.3667102156,virginm.net,
11/20/2017 23:47:27,3060.9593055368,kabel-badenwuerttemberg.de,
11/20/2017 23:47:50,4763.818766095,kabel-badenwuerttemberg.de,
11/20/2017 23:49:55,3187.1562457922,virginm.net,
11/20/2017 23:54:50,3063.2447140707,btcentralplus.com,
11/20/2017 23:55:45,4058.975804398,virginm.net,
11/20/2017 23:55:56,4873.9288790202,wanadoo.fr,
11/20/2017 23:56:03,1556.5122516839,tudelft.nl,
11/20/2017 23:58:14,2946.5119933899,reverse-mundo-r.com,
11/20/2017 23:59:14,1396.0413089656,proxad.net,
11/20/2017 23:59:16,3447.9983863726,wanadoo.fr,
11/21/2017 0:02:01,3435.2992814331,virginm.net,
11/21/2017 0:03:20,3212.0688674305,kjaergaard.dk,
11/21/2017 0:04:15,1528.1605833967,plus.net,
11/21/2017 0:04:22,1104.6523865875,sky.com,
11/21/2017 0:05:07,1077.6309942583,bai.ne.jp,
11/21/2017 0:05:42,963.8904467664,fastwebnet.it,
11/21/2017 0:06:18,1633.5597168941,telekom.at,
11/21/2017 0:06:57,704.21026767048,mnet-online.de,
11/21/2017 0:12:54,3561.1756562646,btcentralplus.com,
11/21/2017 0:15:29,5877.5261953895,kabel-deutschland.de,
11/21/2017 0:19:03,2972.2995119406,btcentralplus.com,
11/21/2017 0:19:21,6338.5009545088,comhem.se,
11/21/2017 0:20:44,1862.1426830979,telia.com,
11/21/2017 0:21:24,984.62367092989,sbb.rs,
11/21/2017 0:22:21,1022.4680302225,sela.ru,
11/21/2017 0:22:30,1509.3269634916,pldt.net,
11/21/2017 0:25:30,2786.0640056212,t-ipconnect.de,
11/21/2017 0:27:21,1250.1384902031,btcentralplus.com,
11/21/2017 0:27:24,4161.6906107814,ziggo.nl,
11/21/2017 0:27:34,1429.4926808336,virginm.net,
11/21/2017 0:27:56,4144.6623589513,ziggo.nl,
11/21/2017 0:28:06,1131.0247347776,adam.com.au,
11/21/2017 0:28:17,1093.7334253401,btcentralplus.com,
11/21/2017 0:28:57,3722.752985961,toya.net.pl,
11/21/2017 0:30:22,1151.3313072607,ziggozakelijk.nl,
11/21/2017 0:31:49,179.52724419406,instantnt.ru,
11/21/2017 0:32:29,1214.3930210352,skybroadband.com,
11/21/2017 0:34:20,1552.955740569,btcentralplus.com,
11/21/2017 0:38:34,1365.4350987304,maxnet.co.nz,
11/21/2017 0:38:55,875.73008863384,wanadoo.fr,
11/21/2017 0:41:54,5687.4354932974,unity-media.net,
11/21/2017 0:44:28,1468.4244528415,tpgi.com.au,
11/21/2017 0:46:12,7246.7691244453,bbox.fr,
11/21/2017 0:47:55,499.90720755347,btcentralplus.com,
11/21/2017 0:48:43,1026.9482222273,sky.com,
11/21/2017 0:50:20,1030.3460070975,surfer.at,
11/21/2017 0:51:13,590.19541848901,xs4all.nl,
11/21/2017 0:52:04,1261.4510733444,surfer.at,
11/21/2017 0:52:53,798.4226127498,uio.no,
11/21/2017 0:58:29,4793.5857829311,t-ipconnect.de,
11/21/2017 0:59:37,708.47109519842,zebralog.net,
11/21/2017 1:00:00,19422.113322902,comcast.net,or
11/21/2017 1:01:10,1985.0360859893,tropolys.de,
11/21/2017 1:02:21,2272.7401533378,inet.fi,
11/21/2017 1:02:33,1634.3844906804,btcentralplus.com,
11/21/2017 1:02:42,141.55094337691,antik.sk,
11/21/2017 1:04:37,1326.7972125616,skybroadband.com,
11/21/2017 1:05:23,2025.0673639427,xs4all.nl,
11/21/2017 1:05:40,1753.7482299054,t-ipconnect.de,
11/21/2017 1:08:33,2287.338926643,swisscom.ch,
11/21/2017 1:14:59,5477.6070288883,broadband.hu,
11/21/2017 1:15:49,5396.1078576472,ziggo.nl,
11/21/2017 1:15:59,4490.8883635596,ziggozakelijk.nl,
11/21/2017 1:16:03,641.35327257852,as9105.com,
11/21/2017 1:16:19,4183.9731818428,mwn.de,
11/21/2017 1:22:07,2049.6378811088,beanfield.net,
11/21/2017 1:27:04,1037.5177101938,virginm.net,
11/21/2017 1:27:56,4486.3315436791,mac-storage.de,
11/21/2017 1:27:58,3018.7367253205,3bb.co.th,
11/21/2017 1:29:04,3536.2961540078,unitymediagroup.de,
11/21/2017 1:30:30,417.71102960805,babel.fr,
11/21/2017 1:34:46,3583.5550997903,chello.nl,
11/21/2017 1:36:42,861.87480146753,btcentralplus.com,
11/21/2017 1:40:14,6002.4290750655,qwest.net,
11/21/2017 1:43:56,1518.180623937,dnainternet.fi,
11/21/2017 1:44:11,1318.9442217926,bbox.fr,
11/21/2017 1:45:14,1136.4533663725,bredbandsbolaget.se,
11/21/2017 1:46:17,202.7091242894,iinet.net.au,
11/21/2017 1:46:20,2253.3036902287,hetnet.nl,
11/21/2017 1:47:01,612.40825512652,ngi.it,
11/21/2017 1:47:31,1314.9933874005,unitymediagroup.de,
11/21/2017 1:53:30,3792.0925888615,sbcglobal.net,
11/21/2017 1:54:16,783.95630531959,wanadoo.fr,
11/21/2017 1:57:45,185.6493384678,wanadoo.fr,
11/21/2017 1:59:05,4496.3072118229,ziggo.nl,
11/21/2017 1:59:11,3142.3700139966,btcentralplus.com,
11/21/2017 2:05:46,2457.0036369365,jmnet.cz,
11/21/2017 2:06:17,1139.8632841017,elisa-mobile.fi,
11/21/2017 2:08:44,2968.5771784624,telenet.be,
11/21/2017 2:11:20,637.54118309901,skymesh.net.au,
11/21/2017 2:12:16,6801.2888120798,charter.com,
11/21/2017 2:20:18,7116.5839474161,numericable.fr,
11/21/2017 2:22:51,2991.2574844252,shawcable.net,
11/21/2017 2:27:48,1657.0016359881,t-ipconnect.de,
11/21/2017 2:28:48,1003.7481681603,uunet.be,
11/21/2017 2:34:23,1148.6070402071,btcentralplus.com,
11/21/2017 2:37:57,4746.4099776818,btcentralplus.com,
11/21/2017 2:51:36,558.59787302649,skybroadband.com,
11/21/2017 2:52:59,4653.1548234488,plus.net,
11/21/2017 2:56:14,4469.2592445562,hiper.dk,
11/21/2017 2:58:45,113.45595557068,tpgi.com.au,
11/21/2017 3:01:11,2811.7867567894,t-ipconnect.de,
11/21/2017 3:07:02,328.78361823263,communicode.net,
11/21/2017 3:07:39,4982.8846713293,bigpond.net.au,
11/21/2017 3:11:10,4158.4568028418,ed.ac.uk,
11/21/2017 3:12:38,3949.3144126476,btcentralplus.com,
11/21/2017 3:16:52,3677.6997752219,bellaliant.net,
11/21/2017 3:19:45,1286.1334906531,contictisp.nl,
11/21/2017 3:20:47,401.31705654955,on.net,
11/21/2017 3:20:49,266.75500202122,tpgi.com.au,
11/21/2017 3:23:55,9243.875957647,comcast.net,mi
11/21/2017 3:26:51,7313.0609811768,rr.com,
11/21/2017 3:28:11,1137.3028212037,tropolys.de,
11/21/2017 3:38:00,3596.4590610566,metronetinc.net,
11/21/2017 3:40:28,5153.2930945467,magnet.ie,
11/21/2017 3:43:54,1984.0841498302,ewe-ip-backbone.de,
11/21/2017 3:44:28,8961.5494355276,comcast.net,md
11/21/2017 3:49:28,1129.9459425272,propcom.co.uk,
11/21/2017 3:52:48,3928.6391753435,launtel.net.au,
11/21/2017 3:54:13,666.66679539617,rima-tde.net,
11/21/2017 4:05:20,1070.7730254789,fullrate.ninja,
11/21/2017 4:05:59,12095.918394878,comcast.net,mn
11/21/2017 4:06:53,2238.222007518,shawcable.net,
11/21/2017 4:12:56,3758.0070843567,kabel-deutschland.de,
11/21/2017 4:14:04,9879.0441474728,comcast.net,ca
11/21/2017 4:14:17,7810.1703121073,routit.net,
11/21/2017 4:16:50,791.16852031617,rr.com,
11/21/2017 4:20:20,1163.2470700745,rr.com,
11/21/2017 4:20:25,1816.2490045178,a1.net,
11/21/2017 4:21:29,6853.273326179,comporium.net,
11/21/2017 4:24:41,214.36265564282,brunel.be,
11/21/2017 4:25:12,4349.5121354591,as8758.net,
11/21/2017 4:26:05,7551.2602542763,rr.com,
11/21/2017 4:26:25,975.87417230272,verizon.net,
11/21/2017 4:28:21,5832.1990844125,virginm.net,
11/21/2017 4:29:07,5364.128154556,damutten.ch,
11/21/2017 4:32:28,2697.0474553038,prioritytelecom.net,
11/21/2017 4:33:07,639.33411334178,iinet.net.au,
11/21/2017 4:33:12,2865.1763784655,comcast.net,md
11/21/2017 4:33:40,1632.5757469124,comcast.net,md
11/21/2017 4:38:54,7658.1451028954,comcast.net,ga
11/21/2017 4:45:45,2053.9943984109,wtnet.de,
11/21/2017 4:53:00,4638.846118474,t-ipconnect.de,
11/21/2017 4:53:14,1175.4811421215,bredbandsbolaget.se,
11/21/2017 4:55:19,687.02621509649,chello.sk,
11/21/2017 4:59:15,8434.2004542917,rr.com,
11/21/2017 5:05:55,819.94808877713,proxad.net,
11/21/2017 5:10:18,8096.3083399303,comcast.net,fl
11/21/2017 5:10:41,2221.42798823,t-ipconnect.de,
11/21/2017 5:11:09,3140.7617088872,myvzw.com,
11/21/2017 5:11:22,1204.4008091896,qwest.net,
11/21/2017 5:22:28,538.42648331812,plus.net,
11/21/2017 5:23:05,1121.320167568,sbcglobal.net,
11/21/2017 5:27:15,5211.8269400597,rr.com,
11/21/2017 5:33:52,413.47998888669,btcentralplus.com,
11/21/2017 5:34:52,1584.2168806842,charter.com,
11/21/2017 5:36:59,8016.8732593616,spmode.ne.jp,
11/21/2017 5:41:04,5224.3660888985,mchsi.com,
11/21/2017 5:42:13,1774.7374493548,kabel-deutschland.de,
11/21/2017 5:49:52,2556.1444264141,verizon.net,
11/21/2017 5:57:58,218.16210099861,plus.net,
11/21/2017 5:58:13,3406.2199604503,btcentralplus.com,
11/21/2017 6:06:44,1416.0399365207,virginm.net,
11/21/2017 6:09:43,1570.4064347007,acadiau.ca,
11/21/2017 6:16:40,527.27823140965,sbcglobal.net,
11/21/2017 6:18:59,4327.6449099505,surfer.at,
11/21/2017 6:27:16,969.1234786775,btcentralplus.com,
11/21/2017 6:28:25,3578.2707880995,frontiernet.net,
11/21/2017 6:29:39,6409.2734999593,charter.com,
11/21/2017 6:44:53,2513.518117044,virginm.net,
11/21/2017 6:54:44,2165.3159996493,comhem.se,
11/21/2017 6:55:21,937.87765470803,tellas.gr,
11/21/2017 7:06:05,484.97283801146,comcast.net,pa
11/21/2017 7:09:51,3346.0542501971,comcast.net,fl
11/21/2017 7:11:19,1095.650743883,hiper.dk,
11/21/2017 7:13:37,359.61614690469,comcast.net,wa
11/21/2017 7:18:59,4237.1444684398,videotron.ca,
11/21/2017 7:21:10,8591.4836364997,comcast.net,ca
11/21/2017 7:22:11,3183.6558654543,belgacom.be,
11/21/2017 7:27:12,1682.164683179,virginm.net,
11/21/2017 7:31:23,7845.5804403715,rr.com,
11/21/2017 7:32:38,12139.079856393,comcast.net,ca
11/21/2017 7:32:52,1148.1174615708,comcastbusiness.net,
11/21/2017 7:36:12,1196.7571662999,tiscali.it,
11/21/2017 7:40:22,2516.6757676879,b71a.de,
11/21/2017 7:41:15,5404.9016929615,belairinternet.com,
11/21/2017 7:42:14,2218.8099566277,kabel-deutschland.de,
11/21/2017 7:49:48,472.41408471246,telecomitalia.it,
11/21/2017 7:54:13,6716.5288089283,shawcable.net,
11/21/2017 7:55:07,5363.8206679388,uni-muenchen.de,
11/21/2017 8:05:27,4094.532557168,upcbusiness.at,
11/21/2017 8:06:21,8703.6680332914,comcast.net,ma
11/21/2017 8:10:19,260.90718465129,captaintrain.com,
11/21/2017 8:14:30,3260.2774832288,wideopenwest.com,
11/21/2017 8:15:05,2228.2992717427,shawcable.net,
11/21/2017 8:18:17,1150.0332316615,comcastbusiness.net,
11/21/2017 8:20:41,2474.3730749289,leaseweb.com,
11/21/2017 8:22:17,2311.4155986491,leaseweb.com,
11/21/2017 8:23:27,2375.072671003,andels.net,
11/21/2017 8:34:10,11158.537251417,comcast.net,ca
11/21/2017 8:36:18,2398.1550626486,ewe-ip-backbone.de,
11/21/2017 8:52:08,3162.0012285149,exponential-e.net,
11/21/2017 8:52:35,309.00818757422,bredbandsbolaget.se,
11/21/2017 8:52:49,14302.105375851,mchsi.com,
11/21/2017 8:52:54,6783.9345350861,rr.com,
11/21/2017 8:54:25,14355.902396501,mchsi.com,
11/21/2017 9:27:01,2731.4427552333,t-ipconnect.de,
11/21/2017 9:36:55,3574.1747357015,cdi.no,
11/21/2017 9:46:01,4852.119156301,telenet.be,
11/21/2017 9:51:53,1851.1163560047,bell.ca,
11/21/2017 9:51:59,8751.0261058646,rr.com,
11/21/2017 9:56:33,1364.8439905501,bahnhof.se,
11/21/2017 9:56:47,2868.7161919723,belgacom.be,
11/21/2017 10:19:11,1143.3720529444,virtua.com.br,
11/21/2017 10:19:21,11610.344925835,comcast.net,ca
11/21/2017 10:19:25,7596.4644175891,charter.com,
11/21/2017 10:19:26,10838.157559748,resolve.ca,
11/21/2017 10:19:42,4469.0629968391,cox.net,
11/21/2017 10:19:45,3758.0953740119,btcentralplus.com,
11/21/2017 10:19:46,6127.13771471,tmodns.net,
11/21/2017 10:19:46,23973.712420431,comcast.net,ca
11/21/2017 10:19:46,5450.4470904448,comcast.net,or
11/21/2017 10:19:49,6368.7298706011,rr.com,
11/21/2017 10:19:55,1230.5089926755,sbcglobal.net,
11/21/2017 10:19:57,7871.7968617409,charter.com,
11/21/2017 10:19:57,5049.491621072,verizon.net,
11/21/2017 10:20:07,4595.9655846768,virginm.net,
11/21/2017 10:20:11,3386.053654104,zayo.com,
11/21/2017 10:20:11,4957.3844017453,telecolumbus.net,
11/21/2017 10:20:18,4286.8623397174,comcast.net,il
11/21/2017 10:20:19,5063.543887584,wanadoo.fr,
11/21/2017 10:20:23,2107.7199307171,bellaliant.net,
11/21/2017 10:20:24,1228.2257567623,verizon.net,
11/21/2017 10:20:28,658.36752383015,beanfield.net,
11/21/2017 10:20:31,7181.3939384059,comcast.net,va
11/21/2017 10:20:34,2549.5843291084,verizon.net,
11/21/2017 10:20:35,5226.59919455,telus.net,
11/21/2017 10:20:36,1444.8096981075,swisscom.ch,
11/21/2017 10:20:39,4864.8876703609,monkeybrains.net,
11/21/2017 10:20:42,4577.3331358866,btcentralplus.com,
11/21/2017 10:20:43,5391.3592310093,virginm.net,
11/21/2017 10:20:44,6295.3901577605,koesteert.be,
11/21/2017 10:20:45,4049.2458950398,btcentralplus.com,
11/21/2017 10:20:46,3223.5550949727,msfa.com,
11/21/2017 10:20:48,5180.9173791789,virginm.net,
11/21/2017 10:20:50,16593.86673652,comcast.net,ut
11/21/2017 10:20:50,4916.8989620513,morris.com,
11/21/2017 10:20:51,13979.302324976,iastate.edu,
11/21/2017 10:20:56,2590.7289356375,btcentralplus.com,
11/21/2017 10:20:59,1412.5613031196,wingo.ch,
11/21/2017 10:21:01,1668.8452338447,dnainternet.fi,
11/21/2017 10:21:07,1499.6141810742,tpnet.pl,
11/21/2017 10:21:08,14663.986599848,rr.com,
11/21/2017 10:21:12,1435.2004233389,virtua.com.br,
11/21/2017 10:21:13,4772.6933808406,att.net,
11/21/2017 10:21:16,5944.1002535846,surfer.at,
11/21/2017 10:21:16,3115.5866012362,comcast.net,wa
11/21/2017 10:21:17,6929.2073168469,comcast.net,co
11/21/2017 10:21:22,6862.8519241738,virginm.net,
11/21/2017 10:21:22,4363.1065860199,kabel-badenwuerttemberg.de,
11/21/2017 10:21:24,4867.5724568327,psu.edu,
11/21/2017 10:21:29,6327.819488256,virginm.net,
11/21/2017 10:21:31,1164.1151064099,joacimmelin.se,
11/21/2017 10:21:35,7509.6162215939,comcast.net,fl
11/21/2017 10:21:37,1464.5310955992,broadband.hu,
11/21/2017 10:21:40,2953.9263730137,cox.net,
11/21/2017 10:21:44,3976.1732332348,belgacom.be,
11/21/2017 10:21:47,17938.933634002,comcast.net,wa
11/21/2017 10:21:51,15218.346116369,shawcable.net,
11/21/2017 10:21:55,22591.589584225,comcast.net,or
11/21/2017 10:22:03,10106.85175877,rr.com,
11/21/2017 10:22:08,3865.5067861986,comcast.net,ct
11/21/2017 10:22:16,4578.3912316798,btopenworld.com,
11/21/2017 10:22:17,619.43621111623,adslplus.ch,
11/21/2017 10:22:30,953.16203671617,ziggo.nl,
11/21/2017 10:22:34,2521.0963935486,t-ipconnect.de,
11/21/2017 10:22:35,2023.7092399121,gvt.net.br,
11/21/2017 10:22:40,4717.0138559905,hetnet.nl,
11/21/2017 10:22:52,4697.002273771,verizon.net,
11/21/2017 10:22:56,3545.0515272417,shawcable.net,
11/21/2017 10:23:08,483.17425878142,northamericancoax.com,
11/21/2017 10:23:11,370.38980905083,megawire.com,
11/21/2017 10:23:11,4016.8983136194,ono.com,
11/21/2017 10:23:23,5414.0364482768,midco.net,
11/21/2017 10:23:26,3500.8654588412,prod-infinitum.com.mx,
11/21/2017 10:23:28,2572.8126012828,telesp.net.br,
11/21/2017 10:23:32,2121.6119166835,3tsystems.net,
11/21/2017 10:23:35,5575.4427022838,comcast.net,tx
11/21/2017 10:23:37,3087.0346976717,verizon.net,
11/21/2017 10:23:42,6318.3411896387,rr.com,
11/21/2017 10:23:43,2255.9724612737,iinet.net.au,
11/21/2017 10:23:55,7390.225360573,att.net,
11/21/2017 10:24:01,2073.8131969206,mwn.de,
11/21/2017 10:24:03,4757.5242519276,monkeybrains.net,
11/21/2017 10:24:04,5915.9630648255,comcastbusiness.net,
11/21/2017 10:24:07,1378.218844111,comcastbusiness.net,
11/21/2017 10:24:18,216.19508556137,cox.net,
11/21/2017 10:24:20,189.02674431918,virginm.net,
11/21/2017 10:24:21,3462.7173726297,mchsi.com,
11/21/2017 10:24:32,6748.6365859024,monkeybrains.net,
11/21/2017 10:24:39,9094.5184855172,monkeybrains.net,
11/21/2017 10:24:42,13432.987245446,comcast.net,il
11/21/2017 10:25:01,8205.0034205286,comcast.net,nj
11/21/2017 10:25:04,4553.4152767027,rr.com,
11/21/2017 10:25:05,1975.2411846488,kabel-deutschland.de,
11/21/2017 10:25:06,6561.477958575,comcast.net,il
11/21/2017 10:25:06,4288.8713087653,drei.com,
11/21/2017 10:25:12,4185.3000870832,rr.com,
11/21/2017 10:25:13,3705.0263278846,rcn.com,
11/21/2017 10:25:17,428.42788984256,t-ipconnect.de,
11/21/2017 10:25:24,12041.605383914,optonline.net,
11/21/2017 10:25:28,233.18401358691,gci.net,
11/21/2017 10:25:29,1429.3508180267,telia.com,
11/21/2017 10:25:30,1462.5542968053,rr.com,
11/21/2017 10:25:31,3685.2242754908,charter.com,
11/21/2017 10:25:35,2614.2339432772,verizon.net,
11/21/2017 10:25:38,5493.9881893065,comcastbusiness.net,
11/21/2017 10:25:42,2339.018314435,virginm.net,
11/21/2017 10:26:04,7025.6635720251,swisscom.ch,
11/21/2017 10:26:08,7078.008897265,rr.com,
11/21/2017 10:26:08,9533.030640104,att.net,
11/21/2017 10:26:13,5828.9107297899,verizon.net,
11/21/2017 10:26:13,496.23894187511,zen.co.uk,
11/21/2017 10:26:18,9493.620980819,att.net,
11/21/2017 10:26:21,462.05906209774,on.net,
11/21/2017 10:26:26,703.3113897963,littlehoop.edu,
11/21/2017 10:26:37,5416.5948654451,virginm.net,
11/21/2017 10:26:41,4422.1781035239,koesteert.be,
11/21/2017 10:26:47,1385.3154176765,comcast.net,ca
11/21/2017 10:26:52,13990.169334455,comcast.net,ca
11/21/2017 10:26:57,22193.374728555,comcast.net,ca
11/21/2017 10:26:58,5015.7870571388,shawcable.net,
11/21/2017 10:27:02,10740.745185821,comcast.net,or
11/21/2017 10:27:13,1074.2483320886,telekom.at,
11/21/2017 10:27:14,905.30712488245,telefonica.de,
11/21/2017 10:27:14,16825.058975317,comcast.net,ca
11/21/2017 10:27:19,5390.969105307,optonline.net,
11/21/2017 10:27:29,6786.5179004266,comcast.net,wa
11/21/2017 10:27:34,42017.062246379,comcastbusiness.net,
